product_id,source_category,brand,name,product_type,country,product_url,skin_type,sensitivity,skin_type_source,ingredients,ingredient_count,key_ingredients,free_from,spf,benefits,concerns,price_usd,price_source,size_value,size_unit,size_ml,price_lbp,price_lbp_rate,price_per_ml,price_tier,rating,rating_count,rating_source,review_texts_json,shops_in_lebanon,image_url,image_source,product_summary,price_seen_date,sold_by_shops,price_usd_lowest,price_usd_highest,ingredient_functions,cosing_matched,cosing_coverage,restricted_ingredients
LBR-00193,Lebanese retail,Clarins,Double Serum Eye Holiday Set,Eye Moisturizer,France,https://sohaticare.com/products/cl-double-serum-eye-20ml,All,Resistant,www.clarinsusa.com,"AQUA, PROPANEDIOL, GLYCERIN, SQUALANE, BORON NITRIDE, CAFFEINE, POLYACRYLATE CROSSPOLYMER-6, CAPRYLYL/CAPRYL GLUCOSIDE, 2-HYDROXYETHYL ACRYLATE, PENTYLENE GLYCOL, AVENA SATIVA KERNEL EXTRACT, TOCOPHERYL ACETATE, ETHYLHEXYLGLYCERIN, PPG-26-BUTETH-26, ESCIN, PERSEA GRATISSIMA OIL UNSAPONIFIABLES, DISODIUM EDTA, PEG-40 HYDROGENATED CASTOR OIL, AMMONIUM ACRYLOYLDIMETHYLTAURATE/VP COPOLYMER, CURCUMA LONGA ROOT EXTRACT, CARAMEL, HEXYLENE GLYCOL, ACTINIDIA CHINENSIS FRUIT EXTRACT, KALANCHOE PINNATA LEAF EXTRACT, SODIUM HYDROXIDE, MARRUBIUM VULGARE EXTRACT, ANTHRISCUS SYLVESTRIS EXTRACT, HEDYCHIUM CORONARIUM ROOT EXTRACT, ALCOHOL, CITRIC ACID, PHENETHYL ALCOHOL, FURCELLARIA LUMBRICALIS EXTRACT, POTASSIUM SORBATE, SEA SALT, LAPSANA COMMUNIS FLOWER/LEAF/STEM EXTRACT",35,"Vitamin E, Squalane, Caffeine, Oat","Fragrance, Parabens, Alcohol, Essential Oils, Silicones, Sulfates, Mineral Oil",,"Hydrating, Barrier Repair, Anti-Aging, Reduces Irritation, Brightening, Good For Oily Skin, Redness Reducing, Scar Healing","May Worsen Rosacea, May Worsen Dryness, May Worsen Eczema",95.24,sohaticare,20,ml,20.00,8523980,89500,4.7620,premium,3,3,"skinsort, global_inherited","[{""rating"": """", ""skin_type"": ""Dry Skin"", ""text"": ""Finished two bottles. The first bottle works well, it reduced under eye fine lines and didn't trigger anything. But the second bottle was a disaster: the white cream part doesn't pump out, and my eye contour skin feels itchy two hours after applying. Regardless of the effect (works for fine lines, no effect on dark circles), the dispense head is an awful design to just make the product look"", ""tags"": ""expensive, hydrating, absorbs well, sticky"", ""date"": ""June 2024""}]",1,https://sohaticare.com/cdn/shop/files/3380810463170.webp?v=1761574812,og:image,"A eye moisturizer with 38 ingredients, including exfoliants and vitamin E.",,sohaticare,95.24,95.24,"Skin Conditioning (19), Fragrance (8), Solvent (6), Viscosity Controlling (6), Hair Conditioning (4), Perfuming (4), Skin Conditioning - Emollient (3), Surfactant - Cleansing (3)",35,100,"Caramel, Citric Acid, Potassium Sorbate, Sodium Hydroxide"
LBR-00978,Lebanese retail,Beauty of Joseon,Beauty Of Joseon Hanbang Serum Discovery Kit,Serum,South Korea,https://feel22.com/products/beauty-of-joseon-hanbang-serum-discovery-kit,Dry,Sensitive,feel22,"Glycerin, Niacinamide, Soybean Seed Extract, Barley Extract, Rice Extract",5,Niacinamide,,,"Hydrating, Brightening, Dark Spots, Acne Fighting",None identified in the formula,32.00,feel22,10,ml,10.0,2864000,89500,3.2000,mid,,,,,1,https://feel22.com/cdn/shop/files/1_48c8c8b8-0620-4a0b-a2ce-22dd7c413140.png?v=1732175852,og:image,The 'Hanbang discovery kit' was created for those who want to find out which of the four BOJ serums is best for their skin. This is a 10ml mini size set with 4 types of serums so that you can choose to use or layer them according to your skin type or skin issues. Experience a wonderful journey to fi,,feel22,32.00,32.00,"Denaturant (1), Hair Conditioning (1), Humectant (1), Oral Care (1), Perfuming (1), Skin Conditioning (1), Skin Protecting (1), Solvent (1)",2,40,
LBR-01096,Lebanese retail,Biocollagenix,Hydrolyzed Marine Collagen Type 1 & 3 Pack Of 1 Drink Boxes And 1 Ampoule Box,Serum,Unspecified,https://zeinacare.com/products/hydrolyzed-marine-collagen-type-1-3-pack-of-1-drink-boxes-and-1-ampoule-box,Combination,Sensitive,zeinacare,,,,,,Anti-Aging,,57.77,zeinacare,1,ampoule,,5170415,89500,,premium,,,,,1,https://mspharma.ae/wp-content/uploads/2026/03/Biocollagenix-Offer.png,found by image search on another retailer,A serum from Biocollagenix.,,zeinacare,57.77,57.77,,,,
LBR-01592,Lebanese retail,Clarins,Hydra-Essentiel Collection Set,General Moisturizer,France,https://mazenonline.com/products/hydra-essentiel-collection-set,Dry,Sensitive,"tier 4, inferred: occlusives high in the formula, no astringent","AQUA/WATER/EAU, GLYCERIN, CAPRYLIC/CAPRIC TRIGLYCERIDE, SQUALANE, BUTYROSPERMUM PARKII BUTTER, COCO-CAPRYLATE/CAPRATE, HYDROGENATED COCO-GLYCERIDES, PROPANEDIOL, DIMETHICONE, CETEARYL ALCOHOL, GLYCERYL STEARATE, PEG-100 STEARATE, CAPRYLYL GLYCOL, SODIUM POLYACRYLATE, XYLITYLGLUCOSIDE, CETEARYL GLUCOSIDE, PARFUM/FRAGRANCE, ANHYDROXYLITOL, ACRYLATES/C10-30 ALKYL ACRYLATE CROSSPOLYMER, ETHYLHEXYLGLYCERIN, DIMETHICONOL, XYLITOL, BUTYLENE GLYCOL, DECYLENE GLYCOL, SODIUM HYDROXIDE, GLUCOSE, KALANCHOE PINNATA LEAF EXTRACT, TOCOPHEROL, MARRUBIUM VULGARE EXTRACT, CITRIC ACID, PHENETHYL ALCOHOL, FURCELLARIA LUMBRICALIS EXTRACT, SODIUM BENZOATE, POTASSIUM SORBATE, LAPSANA COMMUNIS FLOWER/LEAF/STEM EXTRACT, MARIS SAL/SEA SALT/SEL MARIN",36,"Vitamin E, Shea Butter, Squalane","Parabens, Alcohol, Essential Oils, Sulfates, Mineral Oil",,"Hydrating, Anti-Aging, Brightening","May Worsen Dryness, May Worsen Irritation, May Worsen Eczema, May Worsen Oily Skin",71.59,mazenonline,,,,6407305,89500,,premium,,,,,1,https://mazenonline.com/cdn/shop/files/NEWITEMSCLARINSNOV2024Artboard80.jpg?v=1741101411,og:image,"Hydrates, plumps & revives radiance.",,mazenonline,71.59,71.59,"Skin Conditioning (21), Fragrance (9), Skin Conditioning - Emollient (9), Viscosity Controlling (7), Humectant (6), Solvent (4), Hair Conditioning (3), Perfuming (3)",36,100,"Citric Acid, Potassium Sorbate, Sodium Benzoate, Sodium Hydroxide"
LBR-01594,Lebanese retail,Clarins,Clarins Radiant Lips Collection Holiday Set,Lip Moisturizer,France,https://feel22.com/products/clarins-radiant-lips-collection-holiday-set,Dry,Sensitive,"tier 4, inferred: occlusives high in the formula, no astringent","14 days Ingredients SQUALANE, SIMMONDSIA CHINENSIS (JOJOBA) SEED OIL, PENTAERYTHRITYL TETRAISOSTEARATE, ETHYLENE/PROPYLENE/STYRENE COPOLYMER, BIS BEHENYL/ISOSTEARYL/PHYTOSTERYL DIMER DILINOLEYL DIMER DILINOLEATE, CORYLUS AVELLANA (HAZELNUT) SEED OIL, SILICA SILYLATE, PARFUM/FRAGRANCE, ROSA RUBIGINOSA SEED OIL, TOCOPHERYL ACETATE, BUTYLENE/ETHYLENE/STYRENE COPOLYMER, VANILLIN, POLYGLYCERYL-2 TRIISOSTEARATE, PENTAERYTHRITYL TETRA-DI-T-BUTYL HYDROXYHYDROCINNAMATE, CI 77891/TITANIUM DIOXIDE, CI 15850/RED 7, ROSE KETONES, CI 19140/YELLOW 5 LAKE",18,"Vitamin E, Squalane, Jojoba Oil","Parabens, Alcohol, Essential Oils, Silicones, Sulfates, Mineral Oil",,Reduces Irritation,"May Worsen Irritation, May Worsen Eczema",108.78,feel22,7,ml,7.0,9735810,89500,15.5400,premium,,,,,1,https://feel22.com/cdn/shop/files/ClarinsRadiantLipsCollectionHolidaySet.png?v=1764066133,og:image,This set contains: Lip Comfort Oil 01 Honey 7ml Lip Comfort Oil 02 Raspberry 7ml Lip Comfort Oil 03 Cherry 7ml,,feel22,108.78,108.78,"Skin Conditioning - Emollient (4), Skin Conditioning (3), Viscosity Controlling (3), Fragrance (3), Colorant (3), Surfactant - Emulsifying (2), Antioxidant (2), Hair Dyeing (2)",15,83,"Ci 15850/Red 7, Ci 19140/Yellow 5 Lake, Ci 77891/Titanium Dioxide"
LBR-03021,Lebanese retail,IDC Institute,PETITS DELICES 4 BOTTLES SET,Exfoliator,Spain,https://zeinacare.com/products/petits-delices-4-bottles-set,Oily,Resistant,"tier 4, inferred: what a exfoliator is for",,,,,,Skin Texture,,19.80,zeinacare,,,,1772100,89500,,mid,,,,,1,https://zeinacare.com/cdn/shop/files/42236_cc95b4d0-72c4-4b89-abf7-367d427bb660.png?v=1765523280,og:image,"This set includes 4 beautifully crafted bottles, perfect for pampering yourself or as a thoughtful gift. Treat your senses with these luxurious formulas",,zeinacare,19.80,19.80,,,,
LBR-03023,Lebanese retail,IDC Institute,ALOE VERA FOAM CLEANSER 3PC,Face Cleanser,Spain,https://zeinacare.com/products/aloe-vera-foam-cleanser-3pc,Combination,Sensitive,zeinacare,,,,,,Reduces Irritation,,22.50,zeinacare,3,pc,,2013750,89500,,mid,,,,,1,https://zeinacare.com/cdn/shop/files/90132.png?v=1765523601,og:image,"Gently cleanse, soothe and calm your skin with our refreshing aloe vera facial cleanser.",,zeinacare,22.50,22.50,,,,
LBR-03774,Lebanese retail,Lysedia,Discovery Travel Kit,Eye Moisturizer,France,https://mazenonline.com/products/discovery-travel-kit,All,Resistant,"tier 4, inferred: no formula and no type rule, so the neutral value",,,,,,Hydrating,,36.12,mazenonline,,,,3232740,89500,,mid,,,,,1,https://mazenonline.com/cdn/shop/products/837_Trousse.png?v=1678890063,og:image,"Effect : The discovery kit contains an eye contour, a Revitalizing day cream, Actibody body milk, micellar water and a shower gel. Benefits : The travel discovery format offers a nice assortment of the Lysedia range.",,mazenonline,36.12,36.12,,,,
LBR-04100,Lebanese retail,Nacific,Nacific Serum Discovery Set,Serum,South Korea,https://feel22.com/products/nacific-serum-discovery-set,All,Sensitive,feel22,"Water, Butylene Glycol, Dipropylene Glycol, Glycereth-26, Glycerin, 1,2-Hexanediol, Isopentyldiol, Niacinamide, Citrullus Lanatus (Watermelon) Fruit Extract, Ammonium Acryloyldimethyltaurate/VP Copolymer, Panthenol, Propanediol, Polyglyceryl-10 Laurate, Allantoin, Dipotassium Glycyrrhizate, Ethylhexylglycerin, Lavandula Angustifolia (Lavender) Oil, Carbomer, Adenosine, Tromethamine, Disodium EDTA, Diphenyl Dimethicone, Triethylhexanoin, Salicylic Acid, Citric Acid, Polyglyceryl-10 Oleate, Hydrogenated Lecithin, Sodium Hyaluronate, Gardenia Florida Fruit Extract, Cyanocobalamin, Dextrin, Tranexamic Acid, Glutathione, Calamine, Sodium Ascorbyl Phosphate, Melaleuca Alternifolia (Tea Tree) Extract, Lactobacillus/Soybean Ferment Extract, Sodium Hyaluronate Crosspolymer, Hydrolyzed Glycosaminoglycans, Dioscorea Japonica Root Extract, Tremella Fuciformis (Mushroom) Extract, Hippophae Rhamnoides Fruit Extract, Benzyl Glycol, Centella Asiatica Extract, Hydrolyzed Hyaluronic Acid, Hyaluronic Acid, Raspberry Ketone",47,"Niacinamide, Hyaluronic Acid, Vitamin C, Salicylic Acid, Tranexamic Acid, Panthenol, Allantoin, Lavender","Fragrance, Parabens, Alcohol, Sulfates, Mineral Oil",,"Hydrating, Brightening, Skin Texture",May Worsen Oily Skin,25.60,feel22,,,,2291200,89500,,mid,,,,,1,https://feel22.com/cdn/shop/files/1_98c949ea-a82c-4386-aceb-96edb5764336.png?v=1737124413,og:image,"What is it: A curated set of four best-selling ampoules, each tailored to address different skincare needs. Whether you're seeking hydration, brightening, exfoliation, or nourishment, this kit provides a comprehensive introduction to Nacific's signature formulations. What is included: Fresh Herb Ori",,feel22,25.60,25.60,"Skin Conditioning (30), Humectant (10), Viscosity Controlling (9), Solvent (8), Fragrance (8), Hair Conditioning (7), Perfuming (4), Skin Protecting (3)",46,98,"Citric Acid, Salicylic Acid, Tromethamine"
LBR-04310,Lebanese retail,Nuxe,Sun Essential High Sun Protection Travel Kit,Sunscreen,France,https://zeinacare.com/products/sun-travel-kit,Dry,Sensitive,"tier 4, inferred: occlusives high in the formula, no astringent","Sun cream / spray spf50: aqua/water, dibutyl adipate, diethylamino hydroxybenzoyl hexyl benzoate, bis‑ethylhexyloxyphenol methoxyphenyl triazine, ethylhexyl triazone, c12‑15 alkyl benzoate, glycerin, isopropyl lauroyl sarcosinate, parfum/fragrance, cetearyl alcohol, coco‑glucoside, glycol palmitate, dimethicone, helianthus annuus (sunflower) seed oil, simondsia chinensis (jojoba) seed oil, tocopherol, etc, After‑sun milk / lotion: aqua/water, sunflower seed oil, butyrospermum parkii (shea) butter, glycerin, coco‑caprylate/caprate, parfum/fragrance, behenyl alcohol, sodium stearoyl glutamate, aloe barbadensis leaf juice powder, tocopherol, etc",28,"Vitamin E, Aloe Vera, Shea Butter, Jojoba Oil","Parabens, Alcohol, Essential Oils, Sulfates, Mineral Oil",,Sun Protection,"May Worsen Dryness, May Worsen Irritation, May Worsen Eczema, May Worsen Oily Skin",37.50,zeinacare,,,,3356250,89500,,mid,,,,,1,https://zeinacare.com/cdn/shop/files/NuxeSunTravelKit.jpg?v=1759365147,og:image,A sunscreen from NUXE.,,zeinacare,37.50,37.50,"Skin Conditioning (15), Skin Conditioning - Emollient (6), Solvent (5), Viscosity Controlling (5), Fragrance (5), Perfuming (4), Surfactant - Emulsifying (4), Hair Conditioning (3)",21,75,"Diethylamino Hydroxybenzoyl Hexyl Benzoate, Ethylhexyl Triazone"
LBR-04311,Lebanese retail,Nuxe,Your Travel Essentials Starter Kit,General Moisturizer,France,https://zeinacare.com/products/your-travel-essentials-starter-kit,All,Resistant,"tier 4, inferred: a general purpose formula","Micellar Water: Aqua/Water, Glycerin, Peg-6 Caprylic/Capric Glycerides, Pentylene Glycol, Rosa Damascena Flower Water, Parfum/Fragrance, Sodium Gluconate, Cetrimonium Bromide, Xylitylglucoside, Anhydroxylitol, Xylitol, Citric Acid, Sodium Hydroxide, Phenoxyethanol, Cleansing Gel: Aqua/Water, Glycerin, Sodium Cocoamphoacetate, Sodium Lauroyl Sarcosinate, Lauryl Glucoside, Parfum/Fragrance, Mel/Honey, Sunflower Seed Oil Peg-8 Esters, Sodium Cocoyl Glutamate, Sodium Lauryl Glucose Carboxylate, Acrylates/C10-30 Alkyl Acrylate Crosspolymer, Phenoxyethanol, Gluconolactone, Sodium Hydroxide, Coco-Glucoside, Glyceryl Oleate, Citric Acid, Allantoin, Sodium Benzoate, Tetrasodium Glutamate Diacetate, 1,2-Hexanediol, Caprylyl Glycol, Caramel, Calcium Gluconate, Tropolone, Hydrogenated Palm Glycerides Citrate, Tocopherol [N2002/A], Multi-Purpose Dry Oil: Coco-Caprylate/Caprate, Macadamia Integrifolia Seed Oil, Dicaprylyl Ether, Caprylic/Capric Triglyceride, Prunus Amygdalus Dulcis (Sweet Almond) Oil, Corylus Avellana (Hazel) Seed Oil, Camellia Oleifera Seed Oil, Parfum/Fragrance, Camellia Japonica Seed Oil, Tocopherol, Argania Spinosa Kernel Oil, Borago Officinalis Seed Oil, Tocopheryl Acetate, Helianthus Annuus (Sunflower) Seed Oil, Rosmarinus Officinalis (Rosemary) Leaf Extract, Polyglyceryl-3 Diisostearate, Ascorbic Acid, Solanum Lycopersicum (Tomato) Fruit Extract, Benzyl Salicylate, Linalool, Limonene, Citronellol, Geraniol, Benzyl Alcohol [N2212/A]",65,"Vitamin C, Vitamin E, Allantoin, Rose, Honey","Parabens, Alcohol, Silicones, Sulfates, Mineral Oil",,Hydrating,"May Worsen Dryness, May Worsen Irritation, May Worsen Rosacea, May Worsen Eczema",28.32,zeinacare,,,,2534640,89500,,mid,,,,,1,https://zeinacare.com/cdn/shop/files/NuxeYourTravelEssentialsStarterKit.jpg?v=1759365160,og:image,A general moisturizer from NUXE.,,zeinacare,28.32,28.32,"Skin Conditioning (32), Fragrance (14), Perfuming (12), Skin Conditioning - Emollient (10), Solvent (8), Humectant (7), Surfactant - Cleansing (7), Surfactant - Emulsifying (6)",62,95,"Benzyl Salicylate, Caramel, Cetrimonium Bromide, Citric Acid, Citronellol, Geraniol, Limonene, Linalool, Phenoxyethanol, Sodium Benzoate, Sodium Hydroxide"
LBR-04408,Lebanese retail,Optimal,Travel Kit (Sunscreen+After Sun),Sunscreen,Unspecified,https://zeinacare.com/products/travel-kit-sunscreen-after-sun,Dry,Sensitive,zeinacare,,,,,,Sun Protection,,13.50,zeinacare,,,,1208250,89500,,mid,,,,,1,https://zeinacare.com/cdn/shop/files/Travel_Kit_Sunscreen_After_Sun.jpg?v=1755337146,og:image,A sunscreen from Optimal.,,zeinacare,13.50,13.50,,,,
LBR-05121,Lebanese retail,Shiseido,BNF Mini Gift Kit  21,General Moisturizer,Japan,https://mazenonline.com/products/bnf-mini-gift-kit-21,All,Resistant,"tier 4, inferred: what a general moisturizer is for","WATER (AQUA), GLYCERIN, BUTYLENE GLYCOL, ISODODECANE, ISOHEXADECANE, DIMETHICONE, CETYL ETHYLHEXANOATE, HYDROGENATED POLYDECENE, DISTEARDIMONIUM HECTORITE, PEG-9 POLYDIMETHYLSILOXYETHYL DIMETHICONE, PEG-150, PEG-8 DIISOSTEARATE, PHENOXYETHANOL, METHYLPARABEN, ETHYLPARABEN, PHYTOSTERYL MACADAMIATE, SODIUM CITRATE, FRAGRANCE (PARFUM), TRISODIUM EDTA, TOCOPHERYL ACETATE, STEARYL GLYCYRRHETINATE, HYDROXYPROLINE, CITRIC ACID, SODIUM METAPHOSPHATE, BENZYL BENZOATE, ALPHA-ISOMETHYL IONONE, BUTYLPHENYL METHYLPROPIONAL, HEXYL CINNAMAL, LINALOOL, LIMONENE, SODIUM ACETYLATED HYALURONATE, CITRONELLOL, GERANIOL, SACCHAROMYCES FERMENT LYSATE FILTRATE, RUBUS IDAEUS (RASPBERRY) FRUIT EXTRACT, IRON OXIDES (CI 77492), SYZYGIUM JAMBOS LEAF EXTRACT, IRON OXIDES (CI 77491), TOCOPHEROL",39,Vitamin E,"Alcohol, Sulfates, Mineral Oil",,"Hydrating, Anti-Aging, Skin Texture",,30.00,mazenonline,30,ml,30.0,2685000,89500,1.0000,mid,,,,,1,https://mazenonline.com/cdn/shop/files/238097300-1.jpg?v=1684224849,og:image,"Shiseido presents the Benefiance gift set, a mini duo of anti-ageing skincare treats. The Set Contains: Benefiance Wrinkle Smoothing Cream (30ml) This ultra-nurturing moisturiser works to recharge the skin's sensory receptors, helping tackle the effects of environmental aggressors while promoting a",,mazenonline,30.00,30.00,"Skin Conditioning (16), Perfuming (12), Solvent (9), Fragrance (9), Skin Conditioning - Emollient (5), Hair Conditioning (4), Humectant (4), Chelating (4)",39,100,"Alpha-Isomethyl Ionone, Benzyl Benzoate, Butylphenyl Methylpropional, Citric Acid, Citronellol, Ethylparaben, Geraniol, Hexyl Cinnamal, Iron Oxides (Ci 77491), Iron Oxides (Ci 77492), Limonene, Linalool"
LBR-05243,Lebanese retail,Skin 1004,Centella Travel Kit,General Moisturizer,South Korea,https://zeinacare.com/products/centella-travel-kit,All,Resistant,"tier 4, inferred: what a general moisturizer is for","nutrient-rich Centella works to hydrate your skin, reduce the effects of sun damage, Ceramides help to hold skin cells together in the outermost layer of your skin, Glycerin softens, hydrates",5,"Hyaluronic Acid, Ceramides, Tranexamic Acid, Centella, Licorice","Fragrance, Parabens, Alcohol, Essential Oils, Sulfates, Mineral Oil",,Hydrating,,22.41,zeinacare,,,,2005695,89500,,mid,,,amazon,"[{""rating"": ""5.0"", ""title"": ""YOU HAVE TO TRY IT OUT FOR YOURSELF!!! JUST GET ITTT IM SERIOUS!!!!!!!!!"", ""text"": ""I\\u2019ve always been someone who views skincare as an investment. Taking care of myself and my skin is super important to me and I don\\u2019t shy away from expensive products. That being said, I spent over $700 on the entire SulWhasoo brand and it literally did nothinggggg for my skin. I stumbled upon this brand after doing some research and decided to give the travel kit a try. After the first application the products made my skin calm and smooth. Price point is amazing for the quality of product!!! I\\u2019ve been using it for a week and my skin is noticeably looking healthy and fresh.  The travel kit is so cute and packaging is high quality too. I plan to buy this whole set in it\\u2019s regular size. Seriously, you dont need to spend hundreds on good skincare. Try this brand for yourself. Im so happy i came across it :\\u2019)"", ""helpful_vote"": 10, ""verified"": true, ""source"": ""amazon""}, {""rating"": ""4.0"", ""title"": ""FYI- Does not come with a pouch in 2023."", ""text"": ""My products came in a box, no pouch included. Didn\\u2019t really care for the bag, but if you think it comes with one- it doesn\\u2019t."", ""helpful_vote"": 10, ""verified"": true, ""source"": ""amazon""}, {""rating"": ""5.0"", ""title"": ""Acne prone skin"", ""text"": ""Excellent product for acne prone skin"", ""helpful_vote"": 4, ""verified"": true, ""source"": ""amazon""}, {""rating"": ""2.0"", ""title"": ""Pouch Not Included"", ""text"": ""While the products themselves were of great value and quality, I was disappointed to have received this product without its main piece which was the pouch. Not receiving this pouch ultimately defeats the purpose of easy traveling with skincare."", ""helpful_vote"": 3, ""verified"": true, ""source"": ""amazon""}, {""rating"": ""5.0"", ""title"": ""Comoda"", ""text"": ""Lo volver\\u00eda comprar"", ""helpful_vote"": 2, ""verified"": true, ""source"": ""amazon""}, {""rating"": ""5.0"", ""title"": ""So far so good!"", ""text"": ""I think I finally found my skin care routine! Waited almost 2 months to review. Great product, did not irritate, leaves my skin soooo soft will be ordering the bigger size for one of each. My acne hasn\\u2019t flared up either."", ""helpful_vote"": 2, ""verified"": true, ""source"": ""amazon""}, {""rating"": ""5.0"", ""title"": ""My skin is like Butta"", ""text"": ""This seems to be a very light weight nourishing skin system.  Highly recommend."", ""helpful_vote"": 2, ""verified"": true, ""source"": ""amazon""}, {""rating"": ""5.0"", ""title"": ""Perfect travel kit  \\ud83d\\ude0d"", ""text"": ""I\\u2019ve recently heard great things about k beauty products and this is the perfect way to try it out. I\\u2019m loving everything so far, leaves my skin feeling clean and moisturized!"", ""helpful_vote"": 2, ""verified"": true, ""source"": ""amazon""}, {""rating"": ""5.0"", ""title"": ""Love it!"", ""text"": ""Reduces redness overnight and it feels so good!"", ""helpful_vote"": 2, ""verified"": true, ""source"": ""amazon""}, {""rating"": ""5.0"", ""title"": ""Safe to use"", ""text"": ""Safe to use no itchy highly recommended ."", ""helpful_vote"": 1, ""verified"": true, ""source"": ""amazon""}, {""rating"": ""5.0"", ""title"": ""Great products"", ""text"": ""First time trying these products so obviously the travel size felt like the safest way to go\\u2026.my skin felt clean and hydrated"", ""helpful_vote"": 1, ""verified"": true, ""source"": ""amazon""}, {""rating"": ""5.0"", ""title"": ""The best product an is very nice to used it every day"", ""text"": ""I love it"", ""helpful_vote"": 1, ""verified"": true, ""source"": ""amazon""}, {""rating"": ""5.0"", ""title"": ""Love"", ""text"": ""I watched painted by Spencer who recommended this product and I was so glad that I chose to buy it it makes my skin so soft and moisturized I absolutely love it and highly recommend for anyone who has dry skin or just wants that beautiful glow"", ""helpful_vote"": 1, ""verified"": true, ""source"": ""amazon""}, {""rating"": ""5.0"", ""title"": ""Great for travel, as it has all you need except sunscreen!"", ""text"": ""Handy travel sized skin care. I have mature skin and it has helped with the dryness.<br />Bargain for travel needs, just need to add an SPF"", ""helpful_vote"": 1, ""verified"": true, ""source"": ""amazon""}, {""rating"": ""1.0"", ""title"": ""Did not come with travel case"", ""text"": ""Came loose in box without the bag"", ""helpful_vote"": 1, ""verified"": true, ""source"": ""amazon""}]",1,https://zeinacare.com/cdn/shop/files/Centella-Travel-Kit-SKIN1004.webp?v=1761906931,og:image,A general moisturizer from Skin 1004.,,zeinacare,22.41,22.41,"Skin Conditioning (23), Viscosity Controlling (10), Hair Conditioning (8), Solvent (7), Humectant (5), Fragrance (5), Surfactant - Emulsifying (5), Surfactant - Cleansing (4)",36,84,"Cyclomethicone, Tromethamine"
LBR-05318,Lebanese retail,Some By Mi,Retinol Intense Trial Kit,General Moisturizer,South Korea,https://zeinacare.com/products/retinol-intense-trial-kit,Combination,Sensitive,zeinacare,"Water, Glycerin, Caprylic/Capric Triglyceride, Dimethicone, Polysorbate 60, Niacinamide, Methylpropanediol, Cetyl Alcohol, Polymethylsilsesquioxane, Centella Asiatica Extract, Dioscorea Japonica Root Extract, Piper Methysticum Leaf/Root/Stem Extract, Melaleuca Alternifolia (Tea Tree) Leaf Extract, Panax Ginseng Berry Extract, Artemisia Capillaris Extract, Ganoderma Lucidum (Mushroom) Stem Extract, Chlorella Vulgaris Extract, Glycine Soja (Soybean) Seed Extract, Nymphaea Alba Flower Extract, Elaeis Guineensis (Palm) Oil, Hydrogenated Lecithin, Sodium Hyaluronate, 1,2-Hexanediol, Dimethicone/Vinyl Dimethicone Crosspolymer, Panthenol, BHT, Cyclopentasiloxane, Steareth-21, PEG-10 Dimethicone/Vinyl Dimethicone Crosspolymer, Polyacrylamide, Steareth-2, Isohexadecane, Carbomer, Hydroxyacetophenone, C13-14 Isoparaffin, Tromethamine, Palmitic Acid, Polyquaternium-51, Stearic Acid, Polysorbate 20",40,"Niacinamide, Hyaluronic Acid, Retinoid, Panthenol, Centella, Tea Tree","Fragrance, Parabens, Alcohol, Essential Oils, Sulfates, Mineral Oil",,Hydrating,"May Worsen Dryness, May Worsen Oily Skin",18.70,zeinacare,,,,1673650,89500,,mid,,,,,1,https://zeinacare.com/cdn/shop/files/1-Retinol_Intense_Trial_Kit.webp?v=1753285814,og:image,A general moisturizer from Some By MI.,,zeinacare,18.70,18.70,"Skin Conditioning (21), Surfactant - Emulsifying (8), Solvent (7), Skin Conditioning - Emollient (7), Surfactant - Cleansing (6), Viscosity Controlling (5), Fragrance (5), Hair Conditioning (3)",40,100,"Polyacrylamide, Tromethamine"
LBR-05890,Lebanese retail,VVBetter,Vvbetter Travel Kit,General Moisturizer,Unspecified,https://zeinacare.com/products/vvbetter-travel-kit,All,Sensitive,"tier 4, inferred: a general purpose formula",Salix Alba (willow) bark,1,"Niacinamide, Hyaluronic Acid, Vitamin C, Green Tea, Propolis","Parabens, Alcohol, Essential Oils, Silicones, Sulfates, Mineral Oil",,Hydrating,"May Worsen Irritation, May Worsen Eczema, May Trigger Acne",14.45,zeinacare,,,,1293275,89500,,mid,,,,,1,https://zeinacare.com/cdn/shop/files/Travel-Kit-Blue-VVBETTER.webp?v=1770803462,og:image,A general moisturizer from VVBetter.,,zeinacare,14.45,14.45,"Astringent (1), Skin Conditioning (1), Soothing (1), Tonic (1)",1,100,
LBO-00183,Lebanese origin,Beesline,Hydrating Powder Face Cleanser – Honey & Hyaluronic Acid – Starter Kit,Face Cleanser,Lebanon,https://beesline.com/en-lb/products/hydrating-powder-face-cleanser-honey-hyaluronic-acid-starter-kit,All,Sensitive,"tier 4, inferred: a general purpose formula","hyaluronic acid, honey (Mel)",2,"Hyaluronic Acid, Honey",,,Hydrating,None identified in the formula,13.69,beesline.com,,,,1225255,89500,,mid,,,,,,https://beesline.com/cdn/shop/files/beesline-forever-nettoyant-visage-poudre-hydratant-miel-acide-hyaluronique-rechargeable-02.webp?v=1776771222&width=1200,found by image search on the brand's own site,,,,12.54,13.69,"Humectant (2), Skin Conditioning (2), Antistatic (1), Moisturising (1), Flavouring (1)",2,100,
LBO-00391,Lebanese origin,Samasoaps,Face and Body Soaps Discovery Box 12-Bar Set,Bath & Body,Lebanon,https://samasoaps.com/products/face-and-body-soaps-discovery-box-12-bar-set,All,Resistant,samasoaps.com,,,,,,,,75.00,samasoaps.com,,,,6712500,89500,,premium,,,,,,https://samasoaps.com/cdn/shop/files/1a8c69a0-bcf2-4b2b-953b-97203eb438b2.jpg?v=1784800273&width=1100,found by image search on the brand's own site,"Description Face and Body Soaps Discovery Box delivers 12 artisan soap bars curated to address multiple skin concerns. Each cold-processed bar blends natural botanicals like honey, turmeric, charcoal and aloe to promote clearer, balanced skin and help you identify the ideal facial and body cleanser for daily care. Highlights Curated 12-bar discovery set for face and body Cold-processed bars made w",,,30.00,75.00,,,,
LBO-00410,Lebanese origin,Samasoaps,The Artisan Collection Gift Box — 12 Artisan Soap Bars (3 Free),Bath & Body,Lebanon,https://samasoaps.com/products/the-artisan-collection-gift-box-12-artisan-soap-bars-3-free,All,Resistant,samasoaps.com,,,,,,Hydrating,,70.00,samasoaps.com,,,,6265000,89500,,premium,,,,,,https://samasoaps.com/cdn/shop/files/temp_dXs35WE.png?v=1763931911&width=1100,found by image search on the brand's own site,"Description The Artisan Collection presents 12 fully-sized artisan soaps (pay for 9, receive 3 free) arranged in an elegant gift box; each bar is cold-process crafted from first-press olive, coconut and palm oils with founder-controlled essential oils and mountain botanicals, delivering gentle moisturising care for face, body and hair. Highlights Curated set of 12 fully-sized artisan soap bars Inc",,,70.00,70.00,,,,
LBO-00411,Lebanese origin,Samasoaps,Three Artisan Soaps Gift Box Discovery - Mixed Natural Soap Bars,Bath & Body,Lebanon,https://samasoaps.com/products/three-artisan-soaps-gift-box-discovery-mixed-natural-soap-bars,All,Resistant,samasoaps.com,,,,,,Hydrating,,18.00,samasoaps.com,,,,1611000,89500,,mid,,,,,,https://samasoaps.com/cdn/shop/files/3_boxes.jpg?v=1756683258&width=1500,found by image search on the brand's own site,"Description Three artisan soap bars handcrafted by cold-process using first-press olive and coconut oils for deep moisturising and a creamy lather. Each bar is enhanced with in-house essential oils for gentle aromatherapy and a luxurious bathing experience, offering multi-use care for body, face, hair and scalp; lasts 4–6 weeks. Highlights Handcrafted cold-process soap bars Made with first-press o",,,18.00,18.00,,,,
LBO-00418,Lebanese origin,Savon Du Liban SDL,Timeless Charms of Lebanon – Lebanese Soap Souvenir Gift Box,Bath & Body,Lebanon,https://savonduliban.com/products/timeless-charms-of-lebanon-lebanese-soap-gift-box,All,Resistant,"tier 4, inferred: what a bath & body is for",,,,,,,,15.00,savonduliban.com,,,,1342500,89500,,mid,,,,,,https://savonduliban.com/cdn/shop/files/1_9daa5167-275b-4ff1-bc82-e5363ee2c8c5.png?v=1758726414,og:image,"A Small Lebanese Gift Filled with Authentic Charm The Timeless Charms of Lebanon Gift Box is a beautifully curated mini Lebanese souvenir designed to capture the essence of traditional craftsmanship in a compact and elegant format. Featuring iconic elements such as laurel soap, tarboosh-shaped soap, and a stamped musk soap with Lebanese motifs, this gift set offers a meaningful and affordable way",,,15.00,15.00,,,,
LBO-00421,Lebanese origin,Savon Du Liban SDL,Ward Beirut Floral Soap Gift Box – Elegant Wedding & Event Favors,Bath & Body,Lebanon,https://savonduliban.com/products/ward-beirut-gift-box-enchanting-floral-soaps,All,Resistant,"tier 4, inferred: what a bath & body is for",,,,,,,,12.00,savonduliban.com,,,,1074000,89500,,budget,,,,,,https://savonduliban.com/cdn/shop/files/1_116d5ede-6f4d-4421-8f48-986aa9b413ca.png?v=1750431099,og:image,"Elegant Floral Soap Favors for Special Occasions The Ward Beirut Gift Box is a delicate and elegant floral soap set designed to elevate your special occasions. Featuring three handcrafted glycerin soaps shaped like soft pink flowers, this gift box brings beauty, fragrance, and refinement to every gesture. Inspired by the blooming charm of Beirut, this set is ideal for weddings, baptisms, baby show",,,12.00,12.00,,,,
LBO-00422,Lebanese origin,Savon Du Liban SDL,Happy Delight – Heart & Flower Soap Gift Box,Bath & Body,Lebanon,https://savonduliban.com/products/happy-delight-soap-gift-set,All,Resistant,"tier 4, inferred: what a bath & body is for",,,,,,Reduces Irritation,,15.00,savonduliban.com,,,,1342500,89500,,mid,,,,,,https://savonduliban.com/cdn/shop/files/1_0f2267a6-dbd8-4f11-81f2-301b96d67e95.png?v=1750688653,og:image,"🎁 Happy Delight – A Joyful Mix of Soaps in a Gift Box Happy Delight is a beautifully arranged gift box (23 x 8 x 3.5 cm) featuring 4 handmade glycerin soaps : 2 heart shapes and 2 delicate flowers, in a soft, cheerful mix of colors—white, pink, yellow, and mauve. 🌼 What Makes It Special: A romantic mix of floral and heart shapes Elegant pastel tones that soothe the eyes and soul Crafted with love",,,15.00,15.00,,,,
LBO-00423,Lebanese origin,Savon Du Liban SDL,Love All Around - Adorable Heart-Shaped Soap Gift Box,Bath & Body,Lebanon,https://savonduliban.com/products/love-all-around-gift-box,All,Resistant,"tier 4, inferred: what a bath & body is for",,,,,,,,12.00,savonduliban.com,,,,1074000,89500,,budget,,,,,,https://savonduliban.com/cdn/shop/files/LoveAllAround2025.png?v=1760181281,og:image,"Love All Around – Heart-Shaped Glycerin Soaps Celebrate love and kindness with our Love All Around gift box. This elegant 23x8x3.5 cm box with a transparent lid holds four heart-shaped glycerin soaps — two pink and two white — each handcrafted with care to bring softness and fragrance to your day. 💝 What’s Inside 4 heart-shaped glycerin soaps (2 pink, 2 white) Presented in a white 23x8x3.5 cm box",,,12.00,12.00,,,,
LBO-00767,Lebanese origin,Beesline,Powder Shower Gel – Coconut – Starter Kit,Bath & Body,Lebanon,https://beesline.com/products/powder-shower-gel-coconut-starter-kit,All,Resistant,"tier 4, inferred: what a bath & body is for",,,,,,Hydrating,,9.78,beesline.com,,,,875310,89500,,budget,,,,,,https://beesline.com/cdn/shop/files/beesline-forever-deodorant-poudre-coco-rechargeable-sans-aluminium-03.webp?v=1776771246&width=1200,found by image search on the brand's own site,"Sulfate-free powder shower gel enriched with honey and guar. Gently cleanses, hydrates, and leaves skin soft with a coconut scent",,,9.78,9.78,,,,
