entity,list_name,level,asserted_by,basis,source_url,date_read
Ahava,BDS consumer boycott priority target,1,Palestinian BDS National Committee,"Listed as a cosmetics company accused of involvement in illegal Israeli settlements",https://www.ethicalconsumer.org/ethical-campaigns-boycotts/palestine-boycott-list,2026-09-10
Carrefour,BDS consumer boycott priority target,1,Palestinian BDS National Committee,"Franchise partnership with Electra Consumer Products; branch in a settlement",https://bdsmovement.net/Guide-to-BDS-Boycott,2026-09-10
Chevron,BDS consumer boycott priority target,1,Palestinian BDS National Committee,"Gas extraction in the East Mediterranean",https://bdsmovement.net/Guide-to-BDS-Boycott,2026-09-10
Intel,BDS consumer boycott priority target,1,Palestinian BDS National Committee,"Investment and manufacturing presence",https://bdsmovement.net/Guide-to-BDS-Boycott,2026-09-10
Dell,BDS consumer boycott priority target,1,Palestinian BDS National Committee,"Supply contract with the Israeli military",https://bdsmovement.net/Guide-to-BDS-Boycott,2026-09-10
Siemens,BDS consumer boycott priority target,1,Palestinian BDS National Committee,"Main contractor for the Euro-Asia Interconnector",https://bdsmovement.net/Guide-to-BDS-Boycott,2026-09-10
Hewlett Packard,BDS consumer boycott priority target,1,Palestinian BDS National Committee,"Services to Israeli government, military, prisons and police",https://bdsmovement.net/Guide-to-BDS-Boycott,2026-09-10
HP,BDS consumer boycott priority target,1,Palestinian BDS National Committee,"Services to Israeli government, military, prisons and police",https://bdsmovement.net/Guide-to-BDS-Boycott,2026-09-10
Microsoft,BDS consumer boycott priority target,1,Palestinian BDS National Committee,"Azure cloud and AI services to the Israeli military",https://bdsmovement.net/Guide-to-BDS-Boycott,2026-09-10
AXA,BDS consumer boycott priority target,1,Palestinian BDS National Committee,"Shareholdings in arms manufacturers",https://bdsmovement.net/Guide-to-BDS-Boycott,2026-09-10
Reebok,BDS consumer boycott priority target,1,Palestinian BDS National Committee,"Sponsorship contract with the Israel Football Association",https://bdsmovement.net/Guide-to-BDS-Boycott,2026-09-10
Disney+,BDS consumer boycott priority target,1,Palestinian BDS National Committee,"Cultural campaign target",https://bdsmovement.net/Guide-to-BDS-Boycott,2026-09-10
Teva Pharmaceutical Industries,BDS consumer boycott priority target,1,Palestinian BDS National Committee,"Israeli pharmaceutical company",https://bdsmovement.net/Guide-to-BDS-Boycott,2026-09-10
SodaStream,BDS consumer boycott priority target,1,Palestinian BDS National Committee,"Labour and land practices in the Naqab",https://bdsmovement.net/Guide-to-BDS-Boycott,2026-09-10
RE/MAX,BDS consumer boycott priority target,1,Palestinian BDS National Committee,"Markets property in Israeli settlements",https://bdsmovement.net/Guide-to-BDS-Boycott,2026-09-10
McDonald's,BDS grassroots organic boycott target,2,Palestinian BDS National Committee,"Supported by BDS; campaign not initiated by BDS. Franchisee donations to the Israeli military",https://bdsmovement.net/Guide-to-BDS-Boycott,2026-09-10
Coca-Cola,BDS grassroots organic boycott target,2,Palestinian BDS National Committee,"Supported by BDS; campaign not initiated by BDS",https://bdsmovement.net/Guide-to-BDS-Boycott,2026-09-10
Burger King,BDS grassroots organic boycott target,2,Palestinian BDS National Committee,"Supported by BDS; campaign not initiated by BDS",https://bdsmovement.net/Guide-to-BDS-Boycott,2026-09-10
Papa John's,BDS grassroots organic boycott target,2,Palestinian BDS National Committee,"Supported by BDS; campaign not initiated by BDS",https://bdsmovement.net/Guide-to-BDS-Boycott,2026-09-10
Pizza Hut,BDS grassroots organic boycott target,2,Palestinian BDS National Committee,"Supported by BDS; campaign not initiated by BDS",https://bdsmovement.net/Guide-to-BDS-Boycott,2026-09-10
Domino's Pizza,BDS grassroots organic boycott target,2,Palestinian BDS National Committee,"Supported by BDS; campaign not initiated by BDS",https://bdsmovement.net/Guide-to-BDS-Boycott,2026-09-10
WIX,BDS grassroots organic boycott target,2,Palestinian BDS National Committee,"Supported by BDS; campaign not initiated by BDS",https://bdsmovement.net/Guide-to-BDS-Boycott,2026-09-10
Google,BDS pressure target,3,Palestinian BDS National Committee,"Project Nimbus cloud contract",https://bdsmovement.net/Guide-to-BDS-Boycott,2026-09-10
Amazon,BDS pressure target,3,Palestinian BDS National Committee,"Project Nimbus cloud contract",https://bdsmovement.net/Guide-to-BDS-Boycott,2026-09-10
Booking.com,BDS pressure target,3,Palestinian BDS National Committee,"Listed in the UN settlement database",https://bdsmovement.net/Guide-to-BDS-Boycott,2026-09-10
Airbnb,BDS pressure target,3,Palestinian BDS National Committee,"Listed in the UN settlement database",https://bdsmovement.net/Guide-to-BDS-Boycott,2026-09-10
Expedia,BDS pressure target,3,Palestinian BDS National Committee,"Listed in the UN settlement database",https://bdsmovement.net/Guide-to-BDS-Boycott,2026-09-10
Arista Networks,BDS consumer boycott priority target,1,Palestinian BDS National Committee,"Accused of sponsoring a conference on Israeli military technology",https://www.ethicalconsumer.org/ethical-campaigns-boycotts/palestine-boycott-list,2026-09-10
BMC Software,BDS consumer boycott priority target,1,Palestinian BDS National Committee,"Accused of sponsoring a conference on Israeli military technology",https://www.ethicalconsumer.org/ethical-campaigns-boycotts/palestine-boycott-list,2026-09-10
Bank Hapoalim,BDS consumer boycott priority target,1,Palestinian BDS National Committee,"Accused of financing settlement activity",https://www.ethicalconsumer.org/ethical-campaigns-boycotts/palestine-boycott-list,2026-09-10
Bank Leumi,BDS consumer boycott priority target,1,Palestinian BDS National Committee,"Accused of financing settlement activity",https://www.ethicalconsumer.org/ethical-campaigns-boycotts/palestine-boycott-list,2026-09-10
Barclays Bank,BDS consumer boycott priority target,1,Palestinian BDS National Committee,"Accused of financing military technology producers",https://www.ethicalconsumer.org/ethical-campaigns-boycotts/palestine-boycott-list,2026-09-10
Cisco,BDS consumer boycott priority target,1,Palestinian BDS National Committee,"Accused of sponsoring a conference on Israeli military technology and supplying services",https://www.ethicalconsumer.org/ethical-campaigns-boycotts/palestine-boycott-list,2026-09-10
Comm-IT Technologies,BDS consumer boycott priority target,1,Palestinian BDS National Committee,"Accused of sponsoring a conference on Israeli military technology",https://www.ethicalconsumer.org/ethical-campaigns-boycotts/palestine-boycott-list,2026-09-10
Discount Bank,BDS consumer boycott priority target,1,Palestinian BDS National Committee,"Accused of financing settlement activity",https://www.ethicalconsumer.org/ethical-campaigns-boycotts/palestine-boycott-list,2026-09-10
Energy Team,BDS consumer boycott priority target,1,Palestinian BDS National Committee,"Accused of sponsoring a conference on Israeli military technology",https://www.ethicalconsumer.org/ethical-campaigns-boycotts/palestine-boycott-list,2026-09-10
Fortinet,BDS consumer boycott priority target,1,Palestinian BDS National Committee,"Accused of sponsoring a conference on Israeli military technology",https://www.ethicalconsumer.org/ethical-campaigns-boycotts/palestine-boycott-list,2026-09-10
HPE Aruba Networking,BDS consumer boycott priority target,1,Palestinian BDS National Committee,"Accused of sponsoring a conference on Israeli military technology",https://www.ethicalconsumer.org/ethical-campaigns-boycotts/palestine-boycott-list,2026-09-10
Hikvision,BDS consumer boycott priority target,1,Palestinian BDS National Committee,"Accused of supplying the Israeli military",https://www.ethicalconsumer.org/ethical-campaigns-boycotts/palestine-boycott-list,2026-09-10
Malam Team,BDS consumer boycott priority target,1,Palestinian BDS National Committee,"Accused of sponsoring a conference on Israeli military technology and supplying the military",https://www.ethicalconsumer.org/ethical-campaigns-boycotts/palestine-boycott-list,2026-09-10
Matrix Global Services,BDS consumer boycott priority target,1,Palestinian BDS National Committee,"Accused of sponsoring a conference on Israeli military technology",https://www.ethicalconsumer.org/ethical-campaigns-boycotts/palestine-boycott-list,2026-09-10
NetApp,BDS consumer boycott priority target,1,Palestinian BDS National Committee,"Accused of sponsoring a conference on Israeli military technology",https://www.ethicalconsumer.org/ethical-campaigns-boycotts/palestine-boycott-list,2026-09-10
Nokia,BDS consumer boycott priority target,1,Palestinian BDS National Committee,"Accused of sponsoring a conference on Israeli military technology",https://www.ethicalconsumer.org/ethical-campaigns-boycotts/palestine-boycott-list,2026-09-10
Nutanix,BDS consumer boycott priority target,1,Palestinian BDS National Committee,"Accused of sponsoring a conference on Israeli military technology",https://www.ethicalconsumer.org/ethical-campaigns-boycotts/palestine-boycott-list,2026-09-10
Opswat,BDS consumer boycott priority target,1,Palestinian BDS National Committee,"Accused of sponsoring a conference on Israeli military technology",https://www.ethicalconsumer.org/ethical-campaigns-boycotts/palestine-boycott-list,2026-09-10
Prologic ITS,BDS consumer boycott priority target,1,Palestinian BDS National Committee,"Accused of sponsoring a conference on Israeli military technology",https://www.ethicalconsumer.org/ethical-campaigns-boycotts/palestine-boycott-list,2026-09-10
ServiceNow,BDS consumer boycott priority target,1,Palestinian BDS National Committee,"Accused of sponsoring a conference on Israeli military technology",https://www.ethicalconsumer.org/ethical-campaigns-boycotts/palestine-boycott-list,2026-09-10
TKH Security,BDS consumer boycott priority target,1,Palestinian BDS National Committee,"Accused of providing services to the Israeli state",https://www.ethicalconsumer.org/ethical-campaigns-boycotts/palestine-boycott-list,2026-09-10
Waterfall Security,BDS consumer boycott priority target,1,Palestinian BDS National Committee,"Accused of sponsoring a conference on Israeli military technology",https://www.ethicalconsumer.org/ethical-campaigns-boycotts/palestine-boycott-list,2026-09-10
